,name,category,address,score,eval_cnt,review_cnt
0,프릳츠 양재점,카페,(지번) 서초동 1363-10,3.6,64건,리뷰 481
1,영동족발 본점,"족발,보쌈",(지번) 양재동 1-4,3.1,71건,리뷰 116
2,크라이치즈버거 양재역점,햄버거,(지번) 서초동 1358-8,4.2,63건,리뷰 153
3,황재벌,장어,(지번) 서초동 1360-47,3.5,93건,리뷰 142
4,라그릴리아 양재점,이탈리안,(지번) 양재동 11-149,3.1,44건,리뷰 64
5,진스시,"초밥,롤",(지번) 서초동 1357-60,3.4,9건,리뷰 103
6,쿠오레에스프레소,커피전문점,(지번) 서초동 1357-66,3.3,38건,리뷰 381
7,강촌원조쭈꾸미 본점,"해물,생선",(지번) 양재동 13-9,3.3,59건,리뷰 49
8,로스옥 양재점,한식,(지번) 도곡동 952-8,3.1,24건,리뷰 41
9,엘린포레,뷔페,(지번) 도곡동 953-1,3.3,10건,리뷰 125
10,교대이층집 양재점,"육류,고기",(지번) 양재동 13-21,1.0,1건,리뷰 31
11,갈비사랑,갈비,(지번) 양재동 14-3,2.3,27건,리뷰 22
12,산들해 양재동점,한정식,(지번) 양재동 24,3.3,111건,리뷰 32
13,옛날농장 양재점,갈비,(지번) 도곡동 954-17,2.9,16건,리뷰 45
14,오향절면 본가,국수,(지번) 도곡동 954-19,3.2,33건,리뷰 86
15,프릳츠 양재점,카페,(지번) 서초동 1363-10,3.6,64건,리뷰 481
16,영동족발 본점,"족발,보쌈",(지번) 양재동 1-4,3.1,71건,리뷰 116
17,크라이치즈버거 양재역점,햄버거,(지번) 서초동 1358-8,4.2,63건,리뷰 153
18,황재벌,장어,(지번) 서초동 1360-47,3.5,93건,리뷰 142
19,라그릴리아 양재점,이탈리안,(지번) 양재동 11-149,3.1,44건,리뷰 64
20,진스시,"초밥,롤",(지번) 서초동 1357-60,3.4,9건,리뷰 103
21,쿠오레에스프레소,커피전문점,(지번) 서초동 1357-66,3.3,38건,리뷰 381
22,강촌원조쭈꾸미 본점,"해물,생선",(지번) 양재동 13-9,3.3,59건,리뷰 49
23,로스옥 양재점,한식,(지번) 도곡동 952-8,3.1,24건,리뷰 41
24,엘린포레,뷔페,(지번) 도곡동 953-1,3.3,10건,리뷰 125
25,교대이층집 양재점,"육류,고기",(지번) 양재동 13-21,1.0,1건,리뷰 31
26,갈비사랑,갈비,(지번) 양재동 14-3,2.3,27건,리뷰 22
27,산들해 양재동점,한정식,(지번) 양재동 24,3.3,111건,리뷰 32
28,옛날농장 양재점,갈비,(지번) 도곡동 954-17,2.9,16건,리뷰 45
29,오향절면 본가,국수,(지번) 도곡동 954-19,3.2,33건,리뷰 86
30,작은공간,분식,(지번) 도곡동 950-5,3.7,67건,리뷰 144
31,양인환대,"스테이크,립",(지번) 도곡동 954-16,3.9,17건,리뷰 114
32,로마옥,이탈리안,(지번) 도곡동 948-13,3.3,13건,리뷰 53
33,국미당,분식,(지번) 도곡동 955-12,3.3,35건,리뷰 84
34,양재닭집,치킨,(지번) 양재동 1-7,3.1,157건,리뷰 93
35,커피앳웍스 양재역점,커피전문점,(지번) 서초동 1366-5,3.3,4건,리뷰 32
36,봉피양 양재점,냉면,(지번) 서초동 1357-33,1.9,15건,리뷰 26
37,국고집,"육류,고기",(지번) 도곡동 955-4,3.9,11건,리뷰 97
38,화포식당 강남1호점,"육류,고기",(지번) 도곡동 957-4,3.4,17건,리뷰 62
39,린참치,참치회,(지번) 서초동 1358-3,4.2,11건,리뷰 60
40,순남시래기 양재점,한정식,(지번) 서초동 1363-25,4.0,18건,리뷰 48
41,잰부닥,"육류,고기",(지번) 도곡동 954-13,3.6,53건,리뷰 69
42,배수경양재정육식당 양재9호점,"육류,고기",(지번) 양재동 10-14,2.5,10건,리뷰 14
43,그린네은쟁반 양재역본점,분식,(지번) 도곡동 959-15,2.9,38건,리뷰 66
44,식감이야기 양재역점,일본식주점,(지번) 양재동 11-47,5.0,1건,리뷰 57
45,주박사 쌀국수,베트남음식,(지번) 서초동 1363,4.0,30건,리뷰 43
46,미각 양재역점,양꼬치,(지번) 도곡동 954-18,3.8,6건,리뷰 47
47,미카도스시 양재역점,"초밥,롤",(지번) 도곡동 953-1,3.6,14건,리뷰 64
48,갈비세상 양재본점,갈비,(지번) 양재동 11-7,5.0,2건,리뷰 63
49,난지당,"호프,요리주점",(지번) 도곡동 957-1,4.0,6건,리뷰 65
50,자인뭉티기,"육류,고기",(지번) 서초동 1363-7,4.1,60건,리뷰 22
51,금강수림,"해물,생선",(지번) 도곡동 953-1,3.9,37건,리뷰 35
52,영덕집,"해물,생선",(지번) 서초2동 1357-64,3.3,17건,리뷰 6
53,메기대감,"매운탕,해물탕",(지번) 양재동 13-6,3.5,22건,리뷰 20
54,스타벅스 양재강남빌딩R점,커피전문점,(지번) 도곡동 956,3.6,14건,리뷰 16
55,분틀 양재점,냉면,(지번) 도곡동 959-27,2.4,5건,리뷰 43
56,제레미버거,햄버거,(지번) 도곡동 959-21,4.1,36건,리뷰 87
57,황소양곱창 양재점,"곱창,막창",(지번) 서초동 1360-27,3.0,30건,리뷰 81
58,생활맥주양재점,"호프,요리주점",(지번) 양재동 10-70,4.3,6건,리뷰 22
59,타이쇼,일본식주점,(지번) 도곡동 957-1,3.8,36건,리뷰 72
60,슈토 1호점 니혼슈바,일본식주점,(지번) 도곡동 947-11,4.4,19건,리뷰 38
61,슈토 3호점,일식집,(지번) 서초동 1361-8,4.2,10건,리뷰 24
62,화차이,중화요리,(지번) 양재동 11-87,5.0,8건,리뷰 9
63,봉족발,"족발,보쌈",(지번) 도곡동 954-12,3.8,17건,리뷰 37
64,삼라정,한정식,(지번) 서초동 1362,1.9,11건,리뷰 15
65,버거킹 양재점,패스트푸드,(지번) 양재동 23,2.0,29건,리뷰 9
66,바다고기,회,(지번) 양재동 12-7,4.8,4건,리뷰 7
67,투썸플레이스 양재사거리점,커피전문점,(지번) 도곡동 957-3,4.3,6건,리뷰 4
68,도라스시,"초밥,롤",(지번) 서초동 1360-18,3.0,12건,리뷰 46
69,라크렘 서초본점,디저트카페,(지번) 서초2동 1364-42,3.6,17건,리뷰 15
70,하남돼지집 양재역점,삼겹살,(지번) 도곡동 952-12,2.2,5건,리뷰 13
71,연안식당 양재역점,"해물,생선",(지번) 도곡동 952-9,2.6,7건,리뷰 22
72,이올로화덕피자,피자,(지번) 서초동 1362,3.9,17건,리뷰 20
73,할리스커피 양재역1호점,커피전문점,(지번) 양재동 13-11,2.7,6건,리뷰 3
74,사람사는 고깃집 김일도 서초구청점,"육류,고기",(지번) 서초동 1364-44,3.3,4건,리뷰 12
75,모범떡볶이1976 양재점,떡볶이,(지번) 서초동 1363-6,3.9,8건,리뷰 18
76,행복한스시 양재역점,"초밥,롤",(지번) 서초동 1366-15,2.7,7건,리뷰 11
77,미가참치,참치회,(지번) 양재동 11-5,3.7,13건,리뷰 18
78,신수사,일식집,(지번) 서초동 1366-18,4.6,5건,리뷰 4
79,플랜B,"호프,요리주점",(지번) 양재동 11-47,3.0,1건,리뷰 20
80,포누이,베트남음식,(지번) 양재동 13-20,3.2,5건,리뷰 126
81,방파제횟집,회,(지번) 도곡동 954-18,3.8,10건,리뷰 14
82,파리바게뜨 양재본점,"제과,베이커리",(지번) 도곡동 959-36,2.9,11건,리뷰 15
83,전주옛날집,한정식,,3.6,5건,리뷰 7
84,세광양대창 양재점,"곱창,막창",(지번) 양재동 13-21,5.0,2건,리뷰 23
85,진주품은활어 양재점,회,(지번) 양재동 14-2,3.6,5건,리뷰 3
86,KFC 양재동점,패스트푸드,(지번) 양재동 12-3,1.8,24건,리뷰 5
87,홍팥집 양재점,디저트카페,(지번) 도곡동 950-5,4.4,5건,리뷰 25
88,원조양꼬치 양재1호점,양꼬치,(지번) 양재동 11-76,4.1,8건,리뷰 8
89,왕삼돈 양재점,"육류,고기",(지번) 서초동 1366-13,3.1,10건,리뷰 5
90,교촌치킨 서초1호점,치킨,(지번) 서초동 1357-56,2.3,12건,리뷰 3
91,에그드랍 양재역점,샌드위치,(지번) 도곡동 957-14,4.8,5건,리뷰 9
92,김영자나주곰탕 서초직영점,곰탕,(지번) 서초동 1357-70,3.7,3건,리뷰 8
93,서울경양,양식,(지번) 도곡동 959-16,3.9,9건,리뷰 26
94,바나프레소 양재역점,카페,(지번) 도곡동 953-1,3.0,2건,리뷰 4
95,가양양꼬치,양꼬치,(지번) 양재동 11-64,2.4,8건,리뷰 12
96,곱창왕김형제,"곱창,막창",(지번) 도곡동 953-1,3.9,10건,리뷰 49
97,스시썸,"초밥,롤",(지번) 양재동 13-20,3.3,7건,리뷰 11
98,BHC치킨 양재역점,치킨,(지번) 양재동 12-10,2.3,9건,리뷰 13
99,훔친대게,"게,대게",(지번) 서초동 1364-46,4.6,19건,리뷰 15
100,양재순대,순대,(지번) 서초동 1364-49,3.7,9건,리뷰 22
101,돈오리,오리,(지번) 양재동 10-6,4.8,5건,리뷰 16
102,써브웨이 양재점,샌드위치,(지번) 도곡동 957-13,1.6,43건,리뷰 10
103,명가무안뻘낙지,"해물,생선",(지번) 서초동 1365-7,4.0,6건,리뷰 4
104,해오름자연산횟집,회,(지번) 서초동 1358-5,3.5,5건,리뷰 1
105,우리밀샤브샤브칼국수,샤브샤브,(지번) 양재동 11-53,1.5,2건,리뷰 29
106,동인동 양재점,갈비,(지번) 서초동 1361,3.7,3건,리뷰 20
107,서울김밥,분식,(지번) 양재동 12-11,3.2,6건,리뷰 9
108,청정횟집,회,(지번) 서초동 1363-25,3.0,3건,리뷰 8
109,소부곱창,"곱창,막창",(지번) 양재동 11-5,2.7,26건,리뷰 21
110,보물섬,"호프,요리주점",(지번) 양재동 11-2,5.0,2건,리뷰 30
111,정금식당,"육류,고기",(지번) 도곡동 957-9,3.0,21건,리뷰 17
112,찹쌀순대 만드는집 본점,순대,(지번) 양재동 11-55,2.9,14건,리뷰 17
113,커피빈 양재스포타임점,커피전문점,(지번) 양재동 24,3.6,5건,리뷰 5
114,미스터피자 양재점,피자,(지번) 도곡동 952-10,1.0,1건,리뷰 10
115,라임,와인바,(지번) 서초동 1362-23,0.0,0건,리뷰 10
116,고양이부엌 양재구청점,떡볶이,(지번) 서초동 1360-3,3.9,8건,리뷰 31
117,커피빈 서초뱅뱅사거리점,커피전문점,(지번) 서초동 1361-2,4.0,4건,리뷰 2
118,에머이 양재역점,베트남음식,(지번) 도곡동 953-3,2.3,12건,리뷰 87
119,불막열삼 양재역점,"곱창,막창",(지번) 도곡동 951-2,3.5,2건,리뷰 13
120,이백 양재역점,"해물,생선",(지번) 서초동 1364-40,4.0,5건,리뷰 19
121,제주산 하루방뒷고기순대국,순대,(지번) 도곡동 954-17,2.9,8건,리뷰 15
122,비베레,"호프,요리주점",(지번) 서초동 1360-34,5.0,1건,리뷰 29
123,전사랑 서초본점,"호프,요리주점",(지번) 서초동 1359-9,2.5,4건,리뷰 23
124,하루엔소쿠 양재역점,"돈까스,우동",(지번) 도곡동 955-11,4.4,27건,리뷰 25
125,소잡는날,"육류,고기",(지번) 양재동 11-12,2.3,3건,리뷰 5
126,로스트라,커피전문점,(지번) 양재동 13-1,4.5,2건,리뷰 5
127,공차 양재역점,카페,(지번) 양재동 11-17,3.4,9건,리뷰 4
128,마포갈비,갈비,(지번) 도곡동 920-9,2.8,6건,리뷰 2
129,호두까끼형제,"제과,베이커리",(지번) 도곡동 954-10,4.0,2건,리뷰 40
130,호텔페이토 강남 카페포즈,뷔페,(지번) 서초동 1361-10,2.5,2건,리뷰 9
131,나살던고향,한식,(지번) 서초동 1363-5,3.0,2건,리뷰 8
132,아리노마마,일본식주점,(지번) 도곡동 957-11,3.6,22건,리뷰 30
133,본죽&비빔밥cafe 양재은광여고점,퓨전한식,(지번) 도곡동 959-20,4.6,12건,리뷰 5
134,펀비어킹 양재역점,"호프,요리주점",(지번) 양재동 10-4,0.0,0건,리뷰 9
135,노랑통닭 양재역점,치킨,(지번) 서초동 1363-3,3.8,5건,리뷰 7
136,쿵푸훠궈,샤브샤브,(지번) 서초동 1360-48,4.7,12건,리뷰 14
137,문선생해천탕,해산물,(지번) 서초동 1357-69,4.5,6건,리뷰 5
138,타코비 양재역점,일식,(지번) 도곡동 959-17,3.0,5건,리뷰 6
139,하츠코이오카,일본식주점,(지번) 도곡동 953-1,3.9,12건,리뷰 8
140,남원골추어탕,추어,(지번) 양재동 8-4,4.9,9건,리뷰 7
141,이삭토스트 양재역점,토스트,(지번) 도곡동 959-21,4.3,6건,리뷰 4
142,투썸플레이스 뱅뱅사거리점,커피전문점,(지번) 서초동 1361-5,2.4,15건,리뷰 0
143,장수정육식당,"육류,고기",(지번) 서초동 1366-3,3.0,3건,리뷰 3
144,도곡참치,일식집,(지번) 도곡동 957-10,3.3,3건,리뷰 29
145,별난낙지,"해물,생선",(지번) 도곡동 957-4,2.0,13건,리뷰 16
146,맘스터치 양재역점,패스트푸드,(지번) 도곡동 956,1.2,9건,리뷰 1
147,부엌98,한식,(지번) 양재동 10-6,5.0,2건,리뷰 3
148,깐부치킨 양재역점,치킨,(지번) 서초동 1366-7,1.6,8건,리뷰 11
149,동대문엽기떡볶이 양재점,떡볶이,(지번) 도곡동 959-19,2.9,14건,리뷰 16
150,하우림,한정식,(지번) 양재동 8-6,3.7,3건,리뷰 15
151,파스쿠찌 양재역점,커피전문점,(지번) 도곡동 953,3.0,2건,리뷰 3
152,치킨처럼 양재역점,치킨,(지번) 서초동 1366-15,4.0,1건,리뷰 3
153,양재동태찜,"해물,생선",(지번) 양재동 11-49,2.5,4건,리뷰 4
154,근이네조개전골,조개,(지번) 도곡동 957-11,1.0,1건,리뷰 20
155,얌얌 양재점,분식,(지번) 도곡동 919-7,3.9,15건,리뷰 10
156,불로삼계백숙,삼계탕,(지번) 서초동 1364-40,4.5,4건,리뷰 2
157,송정낙지 양재직영점,"해물,생선",(지번) 양재동 13-10,0.0,0건,리뷰 17
158,첸수이,중화요리,(지번) 양재동 11-17,2.7,11건,리뷰 0
159,한촌설렁탕 서초구청점,설렁탕,(지번) 서초동 1359-13,2.2,6건,리뷰 8
160,조우,퓨전일식,(지번) 도곡동 954-13,3.9,14건,리뷰 4
161,배수경양재정육식당 17호점,"육류,고기",(지번) 양재동 13-13,1.0,5건,리뷰 0
162,하루나베,일식,(지번) 서초동 1360-45,3.2,5건,리뷰 15
163,신전떡볶이 도곡점,떡볶이,(지번) 도곡동 950-8,3.0,6건,리뷰 5
164,어명이요 서울양재점,"해물,생선",(지번) 양재동 1-2,3.0,3건,리뷰 12
165,일품향,중화요리,(지번) 도곡동 950-6,2.0,7건,리뷰 2
166,빽다방 양재역점,커피전문점,(지번) 도곡동 957-11,3.8,6건,리뷰 4
167,진배족발 양재역점,"족발,보쌈",(지번) 도곡동 953-1,3.3,3건,리뷰 13
168,배스킨라빈스 양재사옥점,아이스크림,(지번) 양재동 11-149,0.0,1건,리뷰 1
169,치킨영토 양재점,치킨,(지번) 양재동 11-56,0.0,0건,리뷰 6
170,양재족발,"족발,보쌈",(지번) 양재동 1-7,3.5,4건,리뷰 6
171,앙뉴,카페,(지번) 도곡동 954-3,3.5,2건,리뷰 9
172,벌집한판무한리필,고기뷔페,(지번) 양재동 1-7,1.3,3건,리뷰 7
173,샐러디 양재역점,패스트푸드,(지번) 서초동 1361-3,3.5,2건,리뷰 4
174,남원종가집 추어탕,추어,(지번) 도곡동 952-2,4.7,3건,리뷰 6
175,돈스라,"돈까스,우동",(지번) 서초동 1363-25,3.0,4건,리뷰 17
176,쿠니라멘,일식,(지번) 양재동 12-10,4.4,5건,리뷰 24
177,파리바게뜨 양재역점,"제과,베이커리",(지번) 양재동 24,3.0,8건,리뷰 0
178,생생짬뽕,중화요리,(지번) 서초동 1357-32,3.3,3건,리뷰 16
179,꼬마부대찌개,"찌개,전골",(지번) 양재동 10-1,3.9,7건,리뷰 8
180,커피에스페란토,커피전문점,(지번) 도곡동 954-23,4.0,2건,리뷰 11
181,파리 서티세븐,카페,(지번) 서초동 1362-21,4.6,5건,리뷰 7
182,곰작골나주곰탕 양재점,곰탕,(지번) 양재동 1-11,3.0,1건,리뷰 3
183,서초육촌,"육류,고기",(지번) 서초동 1358-4,5.0,2건,리뷰 4
184,꼬대장코다리네,"해물,생선",(지번) 양재동 11-55,5.0,2건,리뷰 29
185,김가네순대국,순대,(지번) 도곡동 955-6,3.4,8건,리뷰 8
186,펀비어킹 양재역사거리점,"호프,요리주점",(지번) 도곡동 953-3,0.0,0건,리뷰 17
187,양재통닭,치킨,(지번) 양재동 11-17,4.0,7건,리뷰 0
188,그래도사랑해,"제과,베이커리",(지번) 서초동 1363-1,3.7,3건,리뷰 4
189,바나프레소 양재점,카페,(지번) 양재동 23,1.0,2건,리뷰 1
190,커피더호랑이,카페,(지번) 서초동 1357-42,3.6,5건,리뷰 5
191,던킨도너츠 양재역사점,도넛,(지번) 양재동,4.5,2건,리뷰 4
192,배스킨라빈스 양재역사점,아이스크림,(지번) 양재동,4.5,2건,리뷰 4
193,홍베이팡 양재역9번출구점,샌드위치,(지번) 양재동 24-1,0.0,0건,리뷰 3
194,양재타워,한식,(지번) 도곡동 949-3,0.0,0건,리뷰 0
195,옹아리벌교꼬막과찜마을 서초본사직영점,조개,(지번) 서초동 1364-42,2.7,3건,리뷰 7
196,오복집 서초점,"족발,보쌈",(지번) 서초동 1357-72,5.0,1건,리뷰 1
197,이디야커피 양재중앙점,커피전문점,(지번) 양재동 23,1.3,4건,리뷰 1
198,말죽거리옛날통닭 강남양재역점,치킨,(지번) 도곡동 957-11,1.0,1건,리뷰 4
199,달링스테이크 양재점,"스테이크,립",(지번) 서초동 1359-46,1.5,8건,리뷰 17
200,만복국수집 양재점,국수,(지번) 양재동 11-52,3.5,9건,리뷰 4
201,선릉역매운떡볶이 양재점,떡볶이,(지번) 양재동 11-87,2.6,5건,리뷰 12
202,BBQ 서초양재점,치킨,(지번) 도곡동 950-6,0.0,0건,리뷰 1
203,프레세페,와인바,(지번) 서초동 1361-8,4.5,8건,리뷰 12
204,스파게티스토리,이탈리안,(지번) 도곡동 959-13,3.6,8건,리뷰 12
205,하이면 양재역점,"돈까스,우동",(지번) 서초동 1366-9,2.3,15건,리뷰 14
206,동신참치 양재역직영점,회,(지번) 양재동 24,4.3,6건,리뷰 9
207,카페3,카페,(지번) 서초동 1366-13,3.0,5건,리뷰 16
208,춘자싸롱,"해물,생선",(지번) 양재동 11-83,5.0,2건,리뷰 4
209,이삭토스트 서울서초구청점,토스트,(지번) 서초동 1364-47,0.0,0건,리뷰 4
210,마린,실내포장마차,(지번) 도곡동 959-27,0.0,0건,리뷰 7
211,청정해참치 양재본점,참치회,(지번) 양재동 23,4.4,9건,리뷰 2
212,경성꽈배기 양재역점,간식,(지번) 도곡동 918-1,3.0,1건,리뷰 2
213,바다사랑생태찌개,"찌개,전골",(지번) 서초2동 1357-73,3.8,8건,리뷰 1
214,죠스떡볶이 양재점,떡볶이,(지번) 도곡동 902-2,4.0,2건,리뷰 0
215,꿍닭꿍닭,닭강정,(지번) 도곡동 924-10,4.0,2건,리뷰 20
216,종로김밥 양재점,분식,(지번) 서초동 1360,2.3,8건,리뷰 7
217,장수생고기숯불구이,"육류,고기",(지번) 서초동 1366-3,5.0,1건,리뷰 6
218,한솥도시락 양재스타클래스옆점,도시락,(지번) 도곡동 959-25,0.0,1건,리뷰 2
219,더카페신방,커피전문점,(지번) 서초동 1366-18,1.7,3건,리뷰 3
220,앤플로우커피,카페,(지번) 도곡동 959-14,3.8,4건,리뷰 7
221,죽이야기 강남양재역점,죽,(지번) 도곡동 957-11,4.0,2건,리뷰 4
222,빚은 양재점,"떡,한과",(지번) 양재동 11-149,3.0,2건,리뷰 12
223,던킨도너츠 양재역사2호점,도넛,(지번) 도곡동 958-2,0.0,0건,리뷰 1
224,선릉역 영이네추억의떡볶이,떡볶이,(지번) 도곡동 954,4.0,6건,리뷰 3
225,장모사랑막걸리주점,"호프,요리주점",(지번) 양재동 13-9,3.0,1건,리뷰 1
226,짚동가리쌩주 양재역점,"호프,요리주점",(지번) 양재동 11-8,3.0,3건,리뷰 20
227,왕냉면앤왕까스 양재점,냉면,(지번) 양재1동 10-1,2.5,2건,리뷰 8
228,던킨도너츠 양재사옥점,도넛,(지번) 양재동 11-149,0.0,0건,리뷰 1
229,파스쿠찌 양재사옥점,커피전문점,(지번) 양재동 11-149,3.0,1건,리뷰 0
230,카페꿀박스,카페,(지번) 도곡동 955-12,4.0,2건,리뷰 1
231,세이민 도곡본점,"돈까스,우동",(지번) 도곡동 950-2,4.2,9건,리뷰 7
232,파리바게뜨 강남대로점,"제과,베이커리",(지번) 서초동 1361-8,2.7,6건,리뷰 0
233,용손짜장,중화요리,(지번) 양재동 23,4.5,8건,리뷰 2
234,늘봄,"족발,보쌈",(지번) 서초동 1360-35,0.0,0건,리뷰 5
235,할매보쌈애부대찌개 양재역점,"찌개,전골",(지번) 양재동 13-10,3.0,1건,리뷰 1
236,커피랑도서관 양재역점,북카페,(지번) 도곡동 924-5,2.0,2건,리뷰 1
237,양재골홍어집,"해물,생선",(지번) 양재동 10-3,4.5,3건,리뷰 1
238,아이리쉬펍뷰,"호프,요리주점",(지번) 서초2동 1366,0.0,0건,리뷰 3
239,지유네한식전문점,한식,(지번) 양재동 14-6,0.0,0건,리뷰 1
240,가마로강정 양재역점,닭강정,(지번) 양재동 11-87,2.6,5건,리뷰 4
241,북촌손만두 양재역점,분식,(지번) 양재동 23,2.0,23건,리뷰 13
242,뱃길따라,회,(지번) 서초동 1359-9,1.0,2건,리뷰 0
243,강촌원조쭈꾸미 별관,"해물,생선",(지번) 양재동 11-6,5.0,1건,리뷰 0
244,놀부옛날통닭 강남양재역점,치킨,(지번) 도곡동 957-11,2.0,1건,리뷰 6
245,바르다김선생 양재점,분식,(지번) 도곡동 902-2,1.0,2건,리뷰 0
246,매머드커피 강남대로점,커피전문점,(지번) 도곡동 949-2,2.5,4건,리뷰 0
247,수담,한정식,(지번) 양재동 24,0.0,0건,리뷰 0
248,남도집,한식,(지번) 양재동 1-7,0.0,0건,리뷰 2
249,마포화곱창 양재역점,"곱창,막창",(지번) 양재동 13-14,0.0,0건,리뷰 8
250,트래고드,카페,(지번) 도곡동 952-13,4.7,3건,리뷰 4
251,쥬씨 양재점,생과일전문점,(지번) 양재동 11-86,4.0,3건,리뷰 4
252,본비반트,"제과,베이커리",(지번) 서초동 1366-16,0.0,0건,리뷰 0
253,안녕숯불 양재점,한식,(지번) 도곡동 957-11,3.6,14건,리뷰 18
254,전주남문콩나물국밥,국밥,(지번) 서초동 1366-2,0.0,0건,리뷰 0
255,도그앤피그 직영7호점,"호프,요리주점",(지번) 서초동 1357-28,3.0,2건,리뷰 2
256,소노야 양재역점,"돈까스,우동",(지번) 양재동 19-14,2.9,17건,리뷰 22
257,비어팩토리 양재역점,"호프,요리주점",(지번) 양재동 12-4,5.0,2건,리뷰 3
258,리나스 양재점,카페,(지번) 양재동 11-149,3.7,3건,리뷰 1
259,우사기 양재점,"돈까스,우동",(지번) 양재동 23,3.4,5건,리뷰 3
260,스테프핫도그 양재역점,패스트푸드,(지번) 서초동 1366-9,2.2,6건,리뷰 7
261,달려라생포집,"육류,고기",(지번) 서초동 1366-15,0.0,0건,리뷰 6
262,이광진부대찌개냉동삼겹살 도곡점,"찌개,전골",(지번) 도곡동 954-18,0.0,0건,리뷰 8
263,미소야 양재점,"돈까스,우동",(지번) 양재동 1-7,1.7,13건,리뷰 5
264,컵,카페,(지번) 서초동 1363-25,5.0,1건,리뷰 1
265,아이엠,카페,(지번) 도곡동 947-10,3.5,2건,리뷰 4
266,와인러버,와인바,(지번) 도곡동 949-2,5.0,3건,리뷰 0
267,신토불이정육식당,"육류,고기",(지번) 도곡동 959-27,5.0,1건,리뷰 1
268,맥켄치킨 서초2점,치킨,(지번) 서초동 1357-33,5.0,1건,리뷰 5
269,매머드커피 양재점,커피전문점,(지번) 서초동 1364-47,0.0,0건,리뷰 2
270,라떼킹 양재점,커피전문점,(지번) 도곡동 954-11,2.0,4건,리뷰 3
271,장수국밥,국밥,(지번) 양재동 23,0.0,0건,리뷰 2
272,푸드카페김밥천국 양재점,분식,(지번) 양재동 1-2,3.0,1건,리뷰 0
273,봉구비어 양재역2호점,"호프,요리주점",(지번) 서초동 1363-2,0.0,0건,리뷰 10
274,제주돈풍,"육류,고기",(지번) 서초동 1359-46,4.3,3건,리뷰 3
275,도담도담,"떡,한과",(지번) 도곡동 959-6,0.0,0건,리뷰 0
276,마이카페,카페,(지번) 양재동 14-21,4.3,4건,리뷰 0
277,아지트,"호프,요리주점",(지번) 도곡동 959-27,1.0,1건,리뷰 12
278,양재동황소꼼장어,장어,(지번) 양재동 11-83,0.0,0건,리뷰 1
279,라벨커피로스터스,커피전문점,(지번) 도곡동 959-5,4.3,7건,리뷰 2
280,더맛존숯불바베큐 양재점,치킨,(지번) 양재동 8-4,4.0,2건,리뷰 0
281,존가네 서울양재점,"육류,고기",(지번) 양재동 23,0.0,0건,리뷰 8
282,양지수제샌드위치,샌드위치,(지번) 서초동 1361,3.0,1건,리뷰 7
283,스윗심포니,"제과,베이커리",(지번) 도곡동 959-21,3.3,4건,리뷰 6
284,정향곰탕,곰탕,(지번) 양재동 10-2,3.0,1건,리뷰 1
285,커피온리 양재역점,커피전문점,(지번) 도곡동 957-14,0.0,0건,리뷰 0
286,마더쥬스 양재역점,생과일전문점,(지번) 양재동 23,2.8,4건,리뷰 1
287,파리바게뜨 양재행운점,"제과,베이커리",(지번) 양재동 8-4,3.3,6건,리뷰 0
288,소랑돼지랑,"육류,고기",(지번) 서초동 1358,5.0,1건,리뷰 4
289,화풍초벌갈비 양재점,갈비,(지번) 양재동 11-53,0.0,0건,리뷰 2
290,빈스팩토리,카페,(지번) 서초동 1360-53,3.0,3건,리뷰 3
291,오즈테이블,양식,(지번) 양재동 1-7,0.0,0건,리뷰 13
292,도라지김밥,분식,(지번) 양재동 8-1,0.0,0건,리뷰 1
293,한스커피,커피전문점,(지번) 도곡동 959-16,4.0,2건,리뷰 0
294,가르텐비어 서울양재역점,"호프,요리주점",(지번) 양재동 11-44,3.0,1건,리뷰 2
295,아임바리스타 서초점,카페,(지번) 서초동 1357-65,0.0,0건,리뷰 10
296,오마뎅 양재점,분식,(지번) 도곡동 902-2,3.0,1건,리뷰 0
297,백년손님,감자탕,(지번) 서초동 1357-70,0.0,0건,리뷰 0
298,쌀똑쌀 핫도그,패스트푸드,(지번) 도곡동 950-6,0.0,0건,리뷰 0
299,깡돈,"육류,고기",(지번) 서초동 1357-32,0.0,0건,리뷰 5
300,미스터브리즈커피 양재역점,카페,(지번) 양재동 14-19,2.3,3건,리뷰 0
301,연탄발,한식,(지번) 서초동 1360-13,4.0,1건,리뷰 3
302,낙원떡집,"떡,한과",(지번) 양재동 1-7,0.0,0건,리뷰 0
303,진국 한우설렁탕,설렁탕,(지번) 도곡동 955,0.0,0건,리뷰 0
304,92.5도씨카페,커피전문점,(지번) 서초동 1358-1,3.5,2건,리뷰 1
305,유림,"족발,보쌈",(지번) 양재동 24,1.0,1건,리뷰 2
306,뮌헨호프,"호프,요리주점",(지번) 양재동 12-7,0.0,0건,리뷰 0
307,카페판다 뱅뱅사거리점,커피전문점,(지번) 도곡동 952,2.0,1건,리뷰 1
308,말죽거리,음식점,(지번) 도곡동 952-10,0.0,0건,리뷰 0
309,육회&해물포차,한정식,(지번) 서초동 1364-48,0.0,0건,리뷰 1
310,동막골감자탕,감자탕,(지번) 서초동 1366-13,0.0,0건,리뷰 0
311,해물세상,"해물,생선",(지번) 양재동 11-12,3.0,1건,리뷰 0
312,친구네다락방,음식점,(지번) 서초동 1361-5,4.0,1건,리뷰 0
313,봉구비어 양재역점,"호프,요리주점",(지번) 도곡동 953-1,0.0,0건,리뷰 1
314,커피이즈,카페,(지번) 도곡동 959-28,0.0,0건,리뷰 0
315,온새미로,죽,(지번) 도곡동 919-7,4.5,2건,리뷰 0
316,콩심은데콩나고 본점,한식,(지번) 양재동 11-44,2.3,5건,리뷰 0
317,사대부떡방,"떡,한과",(지번) 도곡동 918-1,5.0,1건,리뷰 2
318,오가다 서울양재스포타임점,전통찻집,(지번) 양재동 24,2.3,3건,리뷰 1
319,커피온리 양재2호점,카페,(지번) 서초동 1362-18,0.0,0건,리뷰 0
320,도라지국수집,국수,(지번) 양재동 1-7,0.0,0건,리뷰 1
321,잠바주스 양재사옥점,생과일전문점,(지번) 양재동 11-149,1.0,1건,리뷰 0
322,마린한식,한식뷔페,(지번) 도곡동 959-27,0.0,0건,리뷰 0
323,머구리실내포차,실내포장마차,(지번) 서초동 1360,0.0,0건,리뷰 5
324,로봇김밥 신분당선양재역점,분식,(지번) 양재동,1.0,4건,리뷰 8
325,쌈겹,"육류,고기",(지번) 양재동 11-64,5.0,1건,리뷰 2
326,플레이보6,푸드코트,(지번) 도곡동 956,1.3,3건,리뷰 8
327,제이씨네키친,이탈리안,(지번) 양재동 12-10,5.0,2건,리뷰 1
328,포첸하우스,베트남음식,(지번) 도곡동 920-2,2.3,4건,리뷰 2
329,다락방,카페,(지번) 도곡동 950-9,4.0,1건,리뷰 5
330,갯벌낙지,"해물,생선",(지번) 양재동 11-53,1.0,1건,리뷰 3
331,음악여행,라이브카페,(지번) 서초동 1365-7,5.0,2건,리뷰 0
332,더카페,카페,(지번) 서초동 1366-17,0.0,0건,리뷰 0
333,이광진식겁라면순두부 도곡점,분식,(지번) 도곡동 920-9,3.3,7건,리뷰 6
334,발아정신,"호프,요리주점",(지번) 양재동 11-84,2.0,2건,리뷰 2
335,헬로우맥주창고,"호프,요리주점",(지번) 도곡동 954-12,1.0,2건,리뷰 0
336,맛있는집소풍 양재본점,분식,(지번) 양재동 11-87,5.0,4건,리뷰 0
337,명가떡집 도곡점,"떡,한과",(지번) 도곡동 920-4,4.5,2건,리뷰 1
338,말죽거리족발돈까스,"돈까스,우동",(지번) 도곡동 954-18,1.0,1건,리뷰 3
339,제주흙돼지 24시찹쌀순대,순대,(지번) 서초동 1358-5,0.0,0건,리뷰 0
340,답다,한식,(지번) 도곡동 955-8,5.0,2건,리뷰 7
341,나누다키친 양재1호점,인도음식,(지번) 서초동 1366-7,0.0,0건,리뷰 1
342,사조참치 양재역점,참치회,(지번) 도곡동 955-5,3.0,2건,리뷰 0
343,조대감마장동 한우정육식당,"육류,고기",(지번) 서초동 1358-4,0.0,0건,리뷰 0
344,부산복집,복어,(지번) 도곡동 949-3,0.0,0건,리뷰 0
345,파스쿠찌 신분당양재역점,커피전문점,(지번) 양재동 12-1,2.8,6건,리뷰 1
346,선우동가게,"돈까스,우동",(지번) 도곡동 959-25,0.0,0건,리뷰 3
347,보고타,디저트카페,(지번) 서초동 1360-12,4.0,1건,리뷰 2
348,미소마을,한식,(지번) 서초동 1358-11,0.0,0건,리뷰 1
349,퀸스파크,양식,(지번) 양재동 11-149,0.0,0건,리뷰 0
350,다미조 양재역점,일본식주점,(지번) 양재동 23,0.0,0건,리뷰 0
351,리즈하우스,커피전문점,(지번) 도곡동 959-6,5.0,1건,리뷰 2
352,명동해물칼국수,한식,(지번) 도곡동 924-10,0.0,0건,리뷰 0
353,마루순대국,순대,(지번) 서초동 1360-13,0.0,0건,리뷰 0
354,이코토,일본식주점,(지번) 서초동 1360-34,0.0,0건,리뷰 2
355,W바,칵테일바,(지번) 양재동 10-70,0.0,0건,리뷰 0
356,서초골,한식,(지번) 서초동 1366-2,0.0,0건,리뷰 0
357,정글쥬스,생과일전문점,(지번) 도곡동 955-12,4.6,5건,리뷰 1
358,아라폴리,테마카페,,0.0,0건,리뷰 0
359,카페띠아모 양재은광여고점,아이스크림,(지번) 도곡동 902-2,3.7,3건,리뷰 0
360,랑랑케이크,"떡,한과",(지번) 도곡동 902-2,5.0,1건,리뷰 1
361,정통을지로골뱅이,"호프,요리주점",(지번) 서초동 1357-72,3.0,3건,리뷰 0
362,밀피유,한식,(지번) 서초동 1362-18,0.0,0건,리뷰 0
363,곱사랑,한정식,(지번) 도곡동 920-2,0.0,0건,리뷰 2
364,주문진짬뽕포차 양재점,실내포장마차,(지번) 서초동 1364-47,0.0,0건,리뷰 1
365,풍금,라이브카페,(지번) 양재동 14-19,0.0,0건,리뷰 6
366,옛날짜장,중화요리,(지번) 양재동 23,0.0,0건,리뷰 0
367,소우,한식,(지번) 도곡동 953-1,4.7,3건,리뷰 0
368,LA닭발,닭요리,(지번) 양재동 1-7,5.0,3건,리뷰 0
369,나가사끼라면,일본식라면,(지번) 도곡동 949-3,0.0,0건,리뷰 0
370,황해도순대 양재점,순대,(지번) 양재동 8-71,0.0,0건,리뷰 3
371,마노핀 양재역점,디저트카페,,1.0,1건,리뷰 0
372,샹하이수타해물짬뽕,중화요리,(지번) 양재동 11-87,1.0,1건,리뷰 0
373,게스트,술집,(지번) 양재동 11-83,0.0,0건,리뷰 3
374,대박감자탕,한식,(지번) 양재동 12-10,2.0,1건,리뷰 0
375,이자카야 니쿠또항,일본식주점,(지번) 양재동 10-6,0.0,0건,리뷰 1
376,더블에이바,"호프,요리주점",(지번) 서초동 1366-7,0.0,0건,리뷰 0
377,S바,술집,(지번) 양재동 10-70,0.0,0건,리뷰 0
378,고래난다,일본식주점,(지번) 도곡동 953-1,1.0,2건,리뷰 1
379,추억의통치킨,치킨,(지번) 도곡동 950-6,0.0,0건,리뷰 2
380,천선인두부 양재역점,두부전문점,(지번) 도곡동 953-1,1.0,1건,리뷰 0
381,양재포차,술집,(지번) 양재동 1-7,5.0,1건,리뷰 1
382,도쿄라멘3900,일본식라면,(지번) 도곡동 959,0.0,0건,리뷰 0
383,키스더컴,카페,(지번) 도곡1동 947-2,5.0,1건,리뷰 0
384,핫도그,한식,(지번) 양재동 1-7,0.0,0건,리뷰 0
385,퓨어카페,커피전문점,(지번) 도곡동 948-29,0.0,0건,리뷰 0
386,장어랑고기랑 양재본점,"육류,고기",(지번) 양재동 11-7,0.0,0건,리뷰 0
387,에스타미네스탠드,카페,(지번) 도곡동 955-7,4.0,1건,리뷰 0
388,바다양푼이동태탕 도곡점,"해물,생선",(지번) 도곡동 920-9,0.0,0건,리뷰 0
389,자이바,술집,(지번) 서초동 1360-18,0.0,0건,리뷰 0
390,모나미,분식,(지번) 도곡동 951-33,0.0,0건,리뷰 0
391,석화촌,한식,(지번) 도곡동 953-1,0.0,0건,리뷰 0
392,영동돈까스,"돈까스,우동",(지번) 도곡동 950-2,0.0,0건,리뷰 0
393,마타네,일식,(지번) 서초동 1358-11,1.5,2건,리뷰 1
394,라비에체,"제과,베이커리",(지번) 서초동 1360-46,0.0,0건,리뷰 0
395,에이미스커피 양재역점,커피전문점,(지번) 서초동 1364-50,2.0,1건,리뷰 1
396,쵸이바,술집,(지번) 서초동 1363-3,0.0,0건,리뷰 0
397,더와인시즌2,와인바,(지번) 도곡동 949-2,4.5,5건,리뷰 0
398,임회장횟집,회,(지번) 양재동 12-10,0.0,0건,리뷰 0
399,데코르 양재점,"제과,베이커리",(지번) 서초동 1363-25,0.0,0건,리뷰 0
400,팔라초,아이스크림,(지번) 양재동 13-1,0.0,0건,리뷰 0
401,하나레,일본식주점,(지번) 서초동 1358-2,3.0,1건,리뷰 1
402,아워948,카페,(지번) 도곡동 946-20,3.0,1건,리뷰 2
403,아이스랜드,아이스크림,(지번) 도곡동 902-2,0.0,0건,리뷰 0
404,나인웰 양재점,한정식,(지번) 도곡동 949-3,3.0,1건,리뷰 0
405,국수&죽,국수,(지번) 양재동 13-14,0.0,0건,리뷰 0
406,강남플래너,뷔페,(지번) 도곡동 949-3,4.0,5건,리뷰 0
407,실내포차,실내포장마차,(지번) 양재동 12-10,5.0,1건,리뷰 0
408,매드후라이치킨 양재역점,치킨,,0.0,0건,리뷰 0
409,서초구청 구내식당,구내식당,(지번) 서초동 1376-3,0.0,0건,리뷰 0
410,카페보니브라운,카페,(지번) 도곡동 952-3,0.0,0건,리뷰 0
411,쟁이와순두부,두부전문점,(지번) 서초동 1360-53,0.0,0건,리뷰 0
412,조가네99포차,실내포장마차,(지번) 서초동 1358-4,0.0,0건,리뷰 1
413,좋아호프,"호프,요리주점",(지번) 양재동 11-2,0.0,0건,리뷰 0
414,루크위드커피,커피전문점,(지번) 서초동 1359-46,3.0,1건,리뷰 0
415,뉴질랜드내츄럴코리아 양재점,아이스크림,(지번) 도곡동 957-11,0.0,0건,리뷰 0
416,한방왕족발,"족발,보쌈",(지번) 양재동 8-3,0.0,0건,리뷰 0
417,아카시아떡집 강남점,"떡,한과",(지번) 도곡동 920-4,0.0,0건,리뷰 0
418,유가,일식,(지번) 도곡동 955-11,2.7,3건,리뷰 0
419,후포막회,회,(지번) 양재동 12-10,0.0,0건,리뷰 0
420,토계촌,닭요리,(지번) 양재동 11-119,0.0,0건,리뷰 0
421,커피앳웍스 양재사옥점,커피전문점,(지번) 양재동 11-149,0.0,0건,리뷰 2
422,김밥애빠지다 양재본점,분식,(지번) 양재동 11-87,2.3,3건,리뷰 5
423,연인,카페,(지번) 양재1동 1-4,0.0,0건,리뷰 0
424,말죽거리호프,"호프,요리주점",(지번) 양재동 11-53,0.0,0건,리뷰 0
425,제이에이펍,술집,(지번) 도곡동 952-3,0.0,0건,리뷰 0
426,양재숯불갈비,갈비,(지번) 서초동 1357-70,0.0,0건,리뷰 0
427,하코네,카페,(지번) 서초동 1357-69,0.0,0건,리뷰 0
428,바론카페,카페,(지번) 양재동 13-9,0.0,0건,리뷰 0
429,양재동만복포차,실내포장마차,(지번) 양재동 11-83,0.0,0건,리뷰 0
430,다정한베이커리,"제과,베이커리",(지번) 서초동 1363-1,0.0,0건,리뷰 0
431,곰스 곰스양재쇼룸,"제과,베이커리",(지번) 도곡동 953-1,0.0,0건,리뷰 0
432,시카고,칵테일바,,0.0,0건,리뷰 0
433,O.B호프 양재점,"호프,요리주점",(지번) 도곡동 957,0.0,0건,리뷰 0
434,우성떡방앗간,"제과,베이커리",(지번) 도곡동 934-10,0.0,0건,리뷰 0
435,허브분식,분식,(지번) 도곡동 953-1,3.0,3건,리뷰 0
436,케이비코리아,커피전문점,(지번) 도곡동 947-2,0.0,0건,리뷰 0
437,무창포포차,실내포장마차,(지번) 도곡동 954-18,0.0,0건,리뷰 0
438,돼지잡는날,"육류,고기",(지번) 양재동 11-53,0.0,0건,리뷰 1
439,통영굴밥 서초점,"굴,전복",(지번) 서초동 1357-70,0.0,0건,리뷰 0
440,비어링,"호프,요리주점",(지번) 양재동 13-8,0.0,0건,리뷰 1
441,서초명가한우돈,"육류,고기",(지번) 서초동 1365-7,0.0,0건,리뷰 0
442,커피카소,카페,(지번) 도곡동 949-3,0.0,0건,리뷰 0
443,그랜드 파파,"제과,베이커리",(지번) 도곡동 920-9,0.0,0건,리뷰 0
444,카페뭉,카페,(지번) 서초동 1358-6,0.0,0건,리뷰 0
445,삼촌네 양재본점,실내포장마차,(지번) 양재동 10-6,0.0,0건,리뷰 0
446,라이브음악여행,카페,(지번) 서초동 1365-7,5.0,1건,리뷰 0
447,아지트,양식,(지번) 도곡동 952-4,0.0,0건,리뷰 1
448,카페라비,카페,(지번) 서초동 1363-25,0.0,0건,리뷰 0
449,돈텔마마,"호프,요리주점",(지번) 서초동 1363-5,0.0,0건,리뷰 0
450,OK,술집,(지번) 양재동 13-21,0.0,0건,리뷰 0
451,하우젠버블송,카페,(지번) 도곡동 955-13,0.0,0건,리뷰 0
452,양재동만복꼼장어,실내포장마차,(지번) 양재동 11-83,0.0,0건,리뷰 0
453,다향,전통찻집,(지번) 양재동 12-10,0.0,0건,리뷰 0
454,진양국수,국수,(지번) 도곡동 954-18,0.0,0건,리뷰 0
455,W라이브카페,술집,(지번) 양재동 14-19,0.0,0건,리뷰 1
456,신일품향,중식,(지번) 도곡동 950-6,0.0,0건,리뷰 0
457,모모치킨 서초점,치킨,(지번) 서초동 1357-72,0.0,0건,리뷰 0
458,시골장터,한식,(지번) 서초동 1364-42,0.0,0건,리뷰 0
459,하루애,한식,(지번) 서초동 1358-2,0.0,0건,리뷰 0
460,봄가을,"호프,요리주점",(지번) 양재동 11-2,5.0,1건,리뷰 0
461,브라운,양식,(지번) 양재동 13-9,0.0,0건,리뷰 3
462,부스트,생과일전문점,(지번) 양재동 23,0.0,0건,리뷰 0
463,21세기 막창,"곱창,막창",(지번) 양재동 10-1,0.0,0건,리뷰 0
464,공단회집,일식,(지번) 양재동 1,0.0,0건,리뷰 0
465,도카데미,카페,(지번) 도곡동 959-16,0.0,0건,리뷰 0
466,누들토크,국수,(지번) 양재동 13-10,0.0,0건,리뷰 1
467,진품활어 양재본점,회,(지번) 양재동 14-2,0.0,0건,리뷰 0
468,르그랑까페,카페,(지번) 도곡동 956,2.5,2건,리뷰 0
469,쥬스팩토리,생과일전문점,(지번) 도곡동 957-14,0.0,0건,리뷰 0
470,비어파크,"호프,요리주점",(지번) 양재동 13-20,0.0,0건,리뷰 0
471,신가네왕족발 양재역,"족발,보쌈",(지번) 도곡동 951-2,1.0,1건,리뷰 0
472,레스카페앤앤,카페,(지번) 양재동 11-2,0.0,0건,리뷰 0
473,타이쇼베이스먼트,일식집,,0.0,0건,리뷰 0
474,장수정육점식당,"육류,고기",(지번) 도곡동 952-11,0.0,0건,리뷰 0
475,왕마마족발,"족발,보쌈",(지번) 양재동 12-10,4.0,1건,리뷰 0
476,국민식당,한식,,0.0,0건,리뷰 0
477,예랑마을구이촌,갈비,(지번) 도곡동 954-17,0.0,0건,리뷰 0
478,아이리시포테이토 양재역점,패스트푸드,(지번) 양재동 12-1,0.0,0건,리뷰 0
479,자작나무,양식,(지번) 양재동 13-9,0.0,0건,리뷰 0
480,팥쥐네,국수,(지번) 도곡동 919-11,0.0,0건,리뷰 0
481,코나카페 양재점,카페,(지번) 양재동 12-7,0.0,0건,리뷰 0
482,양재족발찌개,"찌개,전골",(지번) 양재동 1,0.0,0건,리뷰 0
483,메르헨,패스트푸드,(지번) 도곡동 952-1,0.0,0건,리뷰 0
484,전주집,한식,(지번) 양재동 1-7,0.0,0건,리뷰 0
485,아나스킨카페,카페,(지번) 양재동 11-5,0.0,0건,리뷰 0
486,황소식당,한식,(지번) 양재동 11-83,0.0,0건,리뷰 0
487,노리,카페,(지번) 도곡동 959-11,5.0,1건,리뷰 1
488,그린식품,"제과,베이커리",,0.0,0건,리뷰 0
489,양재고등학교 식당,구내식당,(지번) 서초동 1376-4,0.0,0건,리뷰 0
490,비너스비어,"호프,요리주점",(지번) 양재동 23,0.0,0건,리뷰 0
491,커피엘린,커피전문점,(지번) 양재동 11-87,1.0,1건,리뷰 0
492,먹거리광장,한식,(지번) 양재동 12-10,0.0,0건,리뷰 0
493,CafeLAVIE,카페,(지번) 서초동 1360-12,0.0,0건,리뷰 0
494,통천옥매운불족발,"족발,보쌈",(지번) 양재동 1-7,0.0,0건,리뷰 0
495,사케,"호프,요리주점",(지번) 서초동 1363,0.0,0건,리뷰 0
496,칠리사이공,양식,(지번) 양재동 11-87,0.0,0건,리뷰 0
497,술생각,술집,(지번) 양재동 11-55,0.0,0건,리뷰 0
498,스토어하우스,양식,(지번) 도곡동 946-18,0.0,0건,리뷰 0
499,엘린(ELIN),카페,(지번) 양재동 11-87,1.0,1건,리뷰 0
500,건강이네,한식,(지번) 양재동 12-3,0.0,0건,리뷰 0
501,더짝,한식,(지번) 서초동 1357-44,0.0,0건,리뷰 0
502,해밀코리아,음식점,(지번) 도곡동 953-1,0.0,0건,리뷰 0
503,장날,"육류,고기",(지번) 서초동 1364-46,0.0,0건,리뷰 0
504,다께야우동,일식,(지번) 서초동 1366-3,0.0,0건,리뷰 0
505,돈미인,갈비,(지번) 양재동 11-149,0.0,0건,리뷰 0
506,서초숯불구이,한식,(지번) 서초동 1362-13,0.0,0건,리뷰 0
507,뽈깡,한식,(지번) 도곡동 957-11,0.0,0건,리뷰 0
508,노브랜드버거 양재점,햄버거,(지번) 도곡동 953-1,0.0,0건,리뷰 0
509,맛좋은식당,한식,(지번) 양재동 1-7,0.0,0건,리뷰 0
